<?xml version="1.0" encoding="UTF-8"?>
<infinispan xmlns:xsi="http://www.w3.org/2001/XMLSchema-instance"
	xsi:schemaLocation="urn:infinispan:config:6.0 http://www.infinispan.org/schemas/infinispan-config-6.0.xsd"
	xmlns="urn:infinispan:config:6.0">

	<global>
		<transport clusterName="niss_dist" />
		<globalJmxStatistics enabled="false" />
	</global>

	<default>
		<locking useLockStriping="false" />
		<clustering mode="distribution">
			<l1 enabled="true" lifespan="60000" />
			<hash numOwners="2" />
			<sync />
		</clustering>
		<invocationBatching enabled="true" />
	</default>


	<namedCache name="craken-blob">
		<persistence passivation="false">
        <store class="org.infinispan.persistence.file.SingleFileStore" fetchPersistentState="false" preload="true" shared="false" purgeOnStartup="false" ignoreModifications="false">
            <async enabled="true" flushLockTimeout="300000" shutdownTimeout="1000" modificationQueueSize="100" threadPoolSize="5"/>
            <properties>
               <property name="location" value="./resource/store/"/>
            </properties>
        </store>
        </persistence>
	</namedCache>

	<!--  workspaces -->

</infinispan>